{
  "project_info": {
    "project_number": "914146275792",
    "project_id": "pets-gallery-fe1f4",
    "storage_bucket": "pets-gallery-fe1f4.appspot.com"
  },
  "client": [
    {
      "client_info": {
        "mobilesdk_app_id": "1:914146275792:android:63610f0f39fdc179b649d5",
        "android_client_info": {
          "package_name": "com.example.pets_app"
        }
      },
      "oauth_client": [
        {
          "client_id": "914146275792-4oopejovkcepoo2eo4jgg50vi7smua4n.apps.googleusercontent.com",
          "client_type": 3
        }
      ],
      "api_key": [
        {
          "current_key": "AIzaSyDN6wwjQe9OlqjFTfi1waYC8UiCxJ-KWdQ"
        }
      ],
      "services": {
        "appinvite_service": {
          "other_platform_oauth_client": [
            {
              "client_id": "914146275792-4oopejovkcepoo2eo4jgg50vi7smua4n.apps.googleusercontent.com",
              "client_type": 3
            }
          ]
        }
      }
    }
  ],
  "configuration_version": "1"
}